City,Locality,Restaurants,Avg_Rating,Avg_PriceRange
Abu Dhabi,Najda,3,4.1000000000000005,2.6666666666666665
Abu Dhabi,"Abu Dhabi Mall, Tourist Club Area  (Al Zahiyah)",2,4.6,4.0
Abu Dhabi,Al Dhafrah,2,4.35,2.5
Abu Dhabi,"Al Wahda Mall, Al Wahda",2,4.35,4.0
Abu Dhabi,"World Trade Center Mall, Al Markaziya",2,4.45,4.0
Abu Dhabi,Al Mushrif,1,4.2,3.0
Abu Dhabi,"Crowne Plaza Abu Dhabi, Al Markaziya",1,4.4,4.0
Abu Dhabi,"Dalma Mall, Mussafah Sanaiya",1,4.0,3.0
Abu Dhabi,Madinat Zayed,1,3.6,2.0
Abu Dhabi,"Madinat Zayed Shopping Centre, Madinat Zayed ",1,4.5,3.0
Abu Dhabi,"Mushrif Mall, Al Mushrif",1,4.0,4.0
Abu Dhabi,Mussafah Sanaiya,1,4.0,2.0
Abu Dhabi,"Venetian Village, Al Maqtaa",1,4.9,4.0
Abu Dhabi,"Yas Mall, Yas Island",1,4.6,4.0
Agra,Tajganj,8,4.05,2.375
Agra,Agra Cantt,3,3.6666666666666665,2.3333333333333335
Agra,Civil Lines,2,4.1,2.5
Agra,"ITC Mughal, Tajganj",2,4.15,4.0
Agra,"Radisson Blu, Tajganj",2,3.8499999999999996,2.5
Agra,"Courtyard by Marriott Agra, Tajganj",1,4.0,4.0
Agra,Khandari,1,3.6,3.0
Agra,Rakabganj,1,4.1,2.0
Ahmedabad,Bodakdev,5,4.34,2.4
Ahmedabad,Ellis Bridge,2,4.5,2.0
Ahmedabad,Gurukul,2,4.05,2.0
Ahmedabad,Navrangpura,2,4.2,2.0
Ahmedabad,Vastrapur,2,3.95,2.5
Ahmedabad,Ambavadi,1,4.2,3.0
Ahmedabad,Ashram Road,1,3.7,4.0
Ahmedabad,C G Road,1,3.8,3.0
Ahmedabad,"Courtyard By Marriott, Satellite",1,3.6,3.0
Ahmedabad,Ghatlodia,1,4.3,3.0
Ahmedabad,Prahlad Nagar,1,4.5,3.0
Ahmedabad,Thaltej,1,4.1,3.0
Ahmedabad,"The Fern, Sola",1,4.1,3.0
Albany,Albany,19,3.5631578947368423,1.736842105263158
Albany,Sylvester,1,3.4,1.0
Allahabad,Civil Lines,18,3.3944444444444444,2.6666666666666665
Allahabad,Tagore Town,1,3.5,2.0
Allahabad,"Vinayak City Centre Mall, Civil Lines",1,3.3,3.0
Amritsar,Town Hall,7,3.7714285714285714,1.8571428571428572
Amritsar,Ranjit Avenue,5,3.56,2.0
Amritsar,INA Colony,3,3.5,1.6666666666666667
Amritsar,White Avenue,3,3.7999999999999994,2.0
Amritsar,Basant Nagar,2,3.65,1.5
Amritsar,Hathi Gate,1,4.0,1.0
Ankara,Gazi Osman Paï¿½ï¿½a,3,4.466666666666667,3.6666666666666665
Ankara,Balgat,2,4.4,3.0
Ankara,KÛ±zÛ±lay,2,4.0,3.0
Ankara,Kï¿½_ï¿½_ï¿½_k Esat,2,4.5,2.0
Ankara,"Armada AVM, Sï¿½_ï¿½ï¿½ï¿½_tï¿½_zï¿½_, Yenimahalle",1,4.2,3.0
Ankara,Dikmen,1,4.5,3.0
Ankara,Emek,1,4.4,3.0
Ankara,KavaklÛ±dere,1,4.3,3.0
Ankara,"Kentpark AVM, ï¿½ï¿½niversiteler, ï¿½ankaya",1,4.2,3.0
Ankara,Macunkï¿½_y,1,4.3,2.0
Ankara,Maltepe,1,4.4,3.0
Ankara,YÛ±ldÛ±zevler,1,4.7,2.0
Ankara,ï¿½ayyolu,1,4.3,2.0
Ankara,ï¿½ukurambar,1,3.4,2.0
Ankara,ï¿½ï¿½mitkï¿½_y,1,4.2,3.0
Armidale,Armidale,1,3.5,2.0
Athens,Athens,20,4.2,1.6
Auckland,Britomart,3,4.566666666666666,2.3333333333333335
Auckland,Mt Eden,3,4.166666666666667,3.0
Auckland,Federal Street,2,4.699999999999999,3.5
Auckland,Balmoral,1,4.3,2.0
Auckland,Fort Street,1,4.9,1.0
Auckland,Henderson,1,4.5,3.0
Auckland,Lorne Street,1,4.2,4.0
Auckland,Mission Bay,1,2.3,4.0
Auckland,Mt Albert,1,4.4,3.0
Auckland,Newmarket,1,3.5,4.0
Auckland,Parnell,1,4.0,3.0
Auckland,Penrose,1,4.5,3.0
Auckland,"Sky City Metro, Auckland CBD",1,4.0,3.0
Auckland,"The Langham Hotel, Auckland CBD",1,4.7,4.0
Auckland,Wynyard Quarter,1,4.6,4.0
Augusta,Augusta,15,4.14,2.2666666666666666
Augusta,Evans,4,4.075,2.0
Augusta,Grovetown,1,4.2,1.0
Aurangabad,CIDCO,7,3.3285714285714287,2.2857142857142856
Aurangabad,Nirala Bazar,4,3.425,2.0
Aurangabad,Usmanpura,2,3.3,2.0
Aurangabad,Akashwani,1,3.6,3.0
Aurangabad,Chicalthana,1,3.3,3.0
Aurangabad,"Hotel Green Olive, Nirala Bazar",1,3.6,3.0
Aurangabad,Mondha,1,3.5,1.0
Aurangabad,Nyay Nagar,1,3.2,2.0
Aurangabad,"Prozone Mall, Chicalthana",1,3.4,2.0
Aurangabad,Shahgunj,1,3.3,2.0
Balingup,Balingup,1,3.2,2.0
Bandung,Dago,1,4.2,3.0
Bangalore,Indiranagar,6,4.316666666666666,3.0
Bangalore,Koramangala 5th Block,3,4.5,2.3333333333333335
Bangalore,Marathahalli,2,4.5,3.0
Bangalore,Sarjapur Road,2,4.2,3.0
Bangalore,"BluPetal Hotel, Koramangala",1,4.1,3.0
Bangalore,JP Nagar,1,4.6,2.0
Bangalore,Koramangala 6th Block,1,4.3,1.0
Bangalore,Koramangala 7th Block,1,4.5,3.0
Bangalore,New BEL Road,1,4.6,2.0
Bangalore,Residency Road,1,4.2,3.0
Bangalore,UB City,1,4.4,3.0
Beechworth,Beechworth,1,4.6,2.0
Bhopal,Arera Colony,5,3.94,1.6
Bhopal,Maharana Pratap Nagar,5,3.84,2.0
Bhopal,"DB City, Maharana Pratap Nagar",3,4.033333333333333,2.6666666666666665
Bhopal,TT Nagar,3,4.0,2.3333333333333335
Bhopal,Gulmohar Colony,1,3.8,2.0
Bhopal,Kohefiza,1,3.8,2.0
Bhopal,Peer Gate Area,1,4.1,2.0
Bhopal,Sayaji Hotel,1,4.3,4.0
Bhubaneshwar,Patia,9,3.888888888888889,1.4444444444444444
Bhubaneshwar,Chandrasekharpur,4,4.25,2.25
Bhubaneshwar,"BMC Bhawani Mall, Sahid Nagar",2,4.0,2.0
Bhubaneshwar,Sahid Nagar,2,4.0,2.0
Bhubaneshwar,Gajapati Nagar,1,3.7,2.0
Bhubaneshwar,"Mayfair Lagoon, Jayadev Vihar",1,4.1,3.0
Bhubaneshwar,"The Crown, Nayapalli",1,4.3,3.0
Bhubaneshwar,Unit 4,1,3.5,1.0
Birmingham,"Bullring Shopping Centre, Southside",3,3.8333333333333335,2.3333333333333335
Birmingham,City Centre,2,4.4,3.0
Birmingham,Moseley,2,4.0,2.5
Birmingham,Alum Rock,1,2.8,1.0
Birmingham,Brindleyplace,1,3.7,1.0
Birmingham,"Brindleyplace, Broad Street",1,4.0,3.0
Birmingham,Colmore Business District,1,4.5,4.0
Birmingham,Digbeth,1,3.8,2.0
Birmingham,Edgbaston,1,4.0,3.0
Birmingham,Handsworth,1,3.6,2.0
Birmingham,Harborne,1,4.2,2.0
Birmingham,Jewellery Quarter,1,4.1,4.0
Birmingham,Small Heath,1,3.1,1.0
Birmingham,Smethwick,1,3.8,2.0
Birmingham,Sparkhill,1,3.7,3.0
Birmingham,"The Mailbox, Broad Street",1,4.0,2.0
Bogor,Bogor Timur,1,3.7,2.0
Bogor,Bogor Utara,1,4.0,3.0
Boise,Boise,18,4.266666666666667,2.0
Boise,Meridian,1,4.0,2.0
Boise,Nampa,1,4.4,3.0
Brasï¿½_lia,Asa Sul,6,3.56,2.8333333333333335
Brasï¿½_lia,Asa Norte,4,3.575,2.0
Brasï¿½_lia,ï¿½guas Claras,3,3.6666666666666665,3.6666666666666665
Brasï¿½_lia,"Brasï¿½_lia Shopping, Asa Norte",1,4.2,4.0
Brasï¿½_lia,Lago Sul,1,3.6,4.0
Brasï¿½_lia,"ParkShopping, Guarï¿½ï¿½ I",1,4.0,4.0
Brasï¿½_lia,"Pontï¿½ï¿½o Lago Sul, Lago Sul",1,3.2,4.0
Brasï¿½_lia,Setor De Clubes Esportivos Sul,1,4.9,4.0
Brasï¿½_lia,"Shopping Iguatemi, Lago Norte",1,3.3,4.0
Brasï¿½_lia,Sudoeste,1,3.6,2.0
Cape Town,CBD,3,4.1000000000000005,2.6666666666666665
Cape Town,Green Point,3,3.733333333333333,3.3333333333333335
Cape Town,Gardens,2,4.45,3.5
Cape Town,Sea Point,2,4.6,2.5
Cape Town,V & A Waterfront,2,3.9499999999999997,4.0
Cape Town,"Victoria Wharf, V & A Waterfront",2,4.25,3.5
Cape Town,Athlone,1,3.7,3.0
Cape Town,"Cavendish Square, Claremont",1,4.1,4.0
Cape Town,Claremont,1,3.9,3.0
Cape Town,De Waterkant,1,4.0,3.0
Cape Town,Newlands,1,4.5,2.0
Cape Town,"One and Only Hotel, V & A Waterfront",1,4.0,4.0
Cedar Rapids/Iowa City,Iowa City,9,4.188888888888889,2.111111111111111
Cedar Rapids/Iowa City,Cedar Rapids,8,4.125,2.0
Cedar Rapids/Iowa City,Coralville,2,3.9499999999999997,2.0
Cedar Rapids/Iowa City,Marion,1,4.7,2.0
Chandigarh,"Elante Mall, Chandigarh Industrial Area",5,4.12,3.0
Chandigarh,Sector 35,5,3.96,2.0
Chandigarh,Sector 26,2,4.4,3.0
Chandigarh,Sector 7,2,3.85,3.0
Chandigarh,Sector 8,2,4.25,2.0
Chandigarh,Chandigarh Industrial Area,1,3.7,2.0
Chandigarh,Sector 28,1,3.8,2.0
Chatham-Kent,Chatham-Kent,1,3.7,2.0
Chennai,Velachery,3,4.5,2.6666666666666665
Chennai,Anna Nagar East,2,4.1,2.0
Chennai,Nungambakkam,2,4.4,3.0
Chennai,T. Nagar,2,4.45,3.5
Chennai,Adyar,1,4.2,2.0
Chennai,Ashok Nagar,1,4.2,2.0
Chennai,"Express Avenue Mall,  Royapettah",1,4.8,3.0
Chennai,Gopalapuram,1,4.2,1.0
Chennai,Kilpauk,1,4.6,1.0
Chennai,Kotturpuram,1,4.1,3.0
Chennai,Mylapore,1,4.0,3.0
Chennai,Perungudi,1,3.8,2.0
Chennai,RA Puram,1,4.3,3.0
Chennai,Ramapuram,1,4.4,2.0
Chennai,Santhome,1,4.3,2.0
Clatskanie,Clatskanie,1,4.3,1.0
Cochrane,Cochrane,1,3.1,2.0
Coimbatore,Race Course,7,4.057142857142857,2.7142857142857144
Coimbatore,Peelamedu,5,3.9200000000000004,2.2
Coimbatore,RS Puram,2,4.25,2.5
Coimbatore,Saibaba Colony,2,4.550000000000001,2.0
Coimbatore,Gandhipuram,1,4.6,3.0
Coimbatore,Podanur,1,3.8,2.0
Coimbatore,"SMS Hotel, Peelamedu",1,4.3,1.0
Coimbatore,Town Hall,1,4.4,3.0
Colombo,"Kollupitiya, Colombo 03",7,3.914285714285714,2.857142857142857
Colombo,"Cinnamon Gardens, Colombo 07",4,3.825,3.0
Colombo,"Bambalapitiya, Colombo 04",2,2.9,2.5
Colombo,"Havelock Town, Colombo 05",2,4.15,2.5
Colombo,"Dehiwala, Colombo",1,3.5,2.0
Colombo,"Fort, Colombo 01",1,4.0,4.0
Colombo,"Old Dutch Hospital, Fort",1,4.9,4.0
Colombo,"Rajagiriya, Colombo",1,4.1,3.0
Colombo,"Slave Island, Colombo 02",1,4.1,2.0
Columbus,Columbus,19,4.010526315789474,2.1052631578947367
Columbus,Hamilton,1,4.4,3.0
Consort,Consort,1,3.0,2.0
Dalton,Dalton,8,4.0375,1.5
Dalton,Calhoun,3,4.166666666666667,1.6666666666666667
Dalton,Fort Oglethorpe,3,4.366666666666666,1.6666666666666667
Dalton,Ringgold,3,4.2,1.0
Dalton,Chatsworth,1,3.9,1.0
Dalton,LaFayette,1,3.7,1.0
Dalton,Rock Spring,1,4.1,1.0
Davenport,Davenport,15,4.092307692307693,2.0
Davenport,Bettendorf,5,4.220000000000001,2.0
Dehradun,Rajpur,5,4.18,3.4
Dehradun,Hathibarkala Salwala,3,4.0,3.3333333333333335
Dehradun,Jakhan,3,4.3999999999999995,3.0
Dehradun,Chukkuwala,2,3.7,3.0
Dehradun,Karanpur,2,3.9,3.0
Dehradun,Krishna Nagar,1,4.1,2.0
Dehradun,Malsi,1,3.9,3.0
Dehradun,"Pacific Mall, Jakhan",1,3.9,3.0
Dehradun,Paltan Bazaar,1,3.9,3.0
Dehradun,Race Course,1,3.9,2.0
Des Moines,Downtown,6,4.2,2.3333333333333335
Des Moines,Ames,2,4.7,2.0
Des Moines,Clive,2,4.05,2.0
Des Moines,East Village,2,4.5,1.5
Des Moines,West Des Moines,2,4.1,2.5
Des Moines,Beaverdale,1,4.5,3.0
Des Moines,Fairground,1,4.1,4.0
Des Moines,Greater South Side,1,4.1,1.0
Des Moines,Johnston,1,4.0,1.0
Des Moines,Kingman Place Historic District,1,4.3,2.0
Des Moines,Urbandale,1,3.8,2.0
Dicky Beach,Dicky Beach,1,3.6,1.0
Doha,Umm Ghuwailina,2,4.2,4.0
Doha,Ain Khalid,1,3.4,4.0
Doha,Al Doha Al Jadeeda,1,3.4,3.0
Doha,"Al Emadi Financial Square, Al Hilal",1,4.6,4.0
Doha,Al Ghanim,1,4.0,3.0
Doha,Al Hilal,1,4.2,4.0
Doha,Al Muntazah,1,3.8,3.0
Doha,Al Nasr,1,3.8,4.0
Doha,"Barwa Towers, Al Sadd",1,4.9,4.0
Doha,"Caravan Complex, Al Hilal",1,3.6,3.0
Doha,Fereej Bin Mahmoud,1,4.3,2.0
Doha,"Ghanem Business Center, Fereej Bin Mahmoud",1,4.0,4.0
Doha,"Hotel Intercontinental Doha, Westbay",1,3.7,4.0
Doha,"Mall of Qatar, Al Gharafa",1,4.0,4.0
Doha,Musheireb,1,3.8,3.0
Doha,Souq Waqif,1,4.7,4.0
Doha,"The Gate, Dafna",1,3.9,4.0
Doha,"The St. Regis, Westbay",1,4.4,4.0
Doha,"The Westin Doha Hotel & Spa, Fereej Bin Mahmoud",1,4.3,4.0
Dubai,"The Dubai Mall,Downtown Dubai",3,4.066666666666666,3.0
Dubai,Al Karama,2,4.199999999999999,2.0
Dubai,Al Barari,1,3.9,3.0
Dubai,Barsha 2,1,4.5,3.0
Dubai,"CITY WALK, Al Safa",1,4.5,3.0
Dubai,DIFC,1,4.9,4.0
Dubai,Deira City Centre Area,1,4.9,3.0
Dubai,Dubai Media City,1,4.8,3.0
Dubai,Festival City,1,4.5,4.0
Dubai,Jumeirah 1,1,4.5,3.0
Dubai,"Kite Beach, Umm Suqeim",1,4.3,3.0
Dubai,"Mall of the Emirates, Barsha 1",1,4.3,3.0
Dubai,Mankhool,1,4.4,3.0
Dubai,"Nassima Royal Hotel, Trade Centre Area",1,4.9,4.0
Dubai,Satwa,1,4.4,3.0
Dubai,Trade Centre Area,1,3.7,3.0
Dubai,Umm Hurair,1,4.3,3.0
Dubuque,Dubuque,20,3.535,1.9
East Ballina,East Ballina,1,4.1,2.0
Edinburgh,Old Town,9,3.933333333333333,2.5555555555555554
Edinburgh,Leith,4,4.55,3.25
Edinburgh,New Town,4,4.025,3.25
Edinburgh,Fountainbridge,1,3.9,3.0
Edinburgh,Tollcross,1,4.0,2.0
Edinburgh,"Twelve Picardy Place, New Town",1,4.2,4.0
Faridabad,Sector 15,31,3.429032258064516,1.4838709677419355
Faridabad,Sector 37,20,3.0300000000000002,1.35
Faridabad,Suraj Kund,19,2.93,1.4736842105263157
Faridabad,Sector 16,17,3.033333333333333,1.1764705882352942
Faridabad,Sector 21,14,2.925,1.1428571428571428
Faridabad,"Crown Interiorz Mall, Sector 35, Faridabad",12,3.422222222222222,2.0833333333333335
Faridabad,Sector 43,11,2.95,1.3636363636363635
Faridabad,Sector 86,11,3.1727272727272724,1.7272727272727273
Faridabad,Sector 17,10,2.9222222222222225,1.6
Faridabad,Badarpur Border,9,2.8666666666666667,1.1111111111111112
Faridabad,Sector 31,9,3.033333333333333,1.2222222222222223
Faridabad,Sector 7,9,2.95,1.2222222222222223
Faridabad,Sector 10,8,2.98,1.5
Faridabad,Charmwood Village,6,2.9333333333333336,1.0
Faridabad,Sector 12,5,3.0,1.6
Faridabad,Sector 9,5,3.1,1.2
Faridabad,"Crown Plaza Mall, Sector 15, Faridabad",4,2.925,1.75
Faridabad,NIT,4,,1.5
Faridabad,Sector 11,4,2.95,1.5
Faridabad,Sector 28,4,2.75,1.25
Faridabad,Sector 35,4,,1.25
Faridabad,Sector 46,4,3.0666666666666664,1.5
Faridabad,"Hotel Saffron Kiran, Faridabad",3,,3.0
Faridabad,"Parsavnath City Mall, Sector 12, Faridabad",3,3.0,1.6666666666666667
Faridabad,Sector 41,3,3.0,1.6666666666666667
Faridabad,Sector 42,3,,1.3333333333333333
Faridabad,"Eldeco Station 1 Mall, Sector 12, Faridabad",2,2.8,1.0
Faridabad,Sector 19,2,3.15,1.5
Faridabad,Sector 29,2,3.1,1.5
Faridabad,Sector 34,2,2.7,1.5
Faridabad,"The Atrium, Suraj Kund",2,3.05,2.5
Faridabad,Badkal Lake,1,,1.0
Faridabad,Dayal Bagh,1,,1.0
Faridabad,Indraprastha Colony,1,,1.0
Faridabad,K Hotel,1,,3.0
Faridabad,"Park Plaza, Sector 21, Faridabad",1,3.0,3.0
Faridabad,"SRS Mall, Sector 12, Faridabad",1,,1.0
Faridabad,Sector 30,1,,1.0
Faridabad,Sector 49,1,,1.0
Faridabad,"Vibe by The LaLit Traveller, Mathura Road",1,3.3,3.0
Fernley,Fernley,1,3.7,1.0
Flaxton,Flaxton,1,3.5,3.0
Forrest,Forrest,1,3.7,2.0
Gainesville,Gainesville,6,4.333333333333333,1.6666666666666667
Gainesville,Dahlonega,5,4.0200000000000005,1.8
Gainesville,Helen,4,3.475,1.75
Gainesville,Flowery Branch,3,4.066666666666666,2.0
Gainesville,Braselton,1,4.4,2.0
Gainesville,Clarkesville,1,4.1,1.0
Ghaziabad,"Shipra Mall, Indirapuram",17,3.0294117647058822,2.0588235294117645
Ghaziabad,Indirapuram,5,3.325,1.2
Ghaziabad,Surya Nagar,2,3.25,1.5
Ghaziabad,Kaushambi,1,,1.0
Goa,Panaji,4,4.475,3.5
Goa,Anjuna,3,4.566666666666666,3.6666666666666665
Goa,Baga,3,4.1000000000000005,4.0
Goa,Candolim,2,4.0,3.0
Goa,"Anjuna Beach, Anjuna",1,3.5,4.0
Goa,Arambol,1,4.6,3.0
Goa,Betalbatim,1,4.4,4.0
Goa,Calangute,1,3.7,3.0
Goa,"Calangute Beach, Calangute",1,4.3,4.0
Goa,Cavelossim,1,4.6,4.0
Goa,Nerul,1,3.7,4.0
Goa,Vagator,1,4.2,4.0
Gurgaon,DLF Phase 3,69,3.201449275362319,1.434782608695652
Gurgaon,Sector 56,54,3.04,1.4074074074074074
Gurgaon,Sector 14,52,3.002222222222222,1.4230769230769231
Gurgaon,Palam Vihar,49,3.0125,1.3061224489795917
Gurgaon,Sohna Road,42,3.261904761904762,1.880952380952381
Gurgaon,"Cyber Hub, DLF Cyber City",41,3.860975609756098,2.8048780487804876
Gurgaon,Old Railway Road,41,3.091666666666667,1.4146341463414633
Gurgaon,Sector 29,38,3.892105263157895,2.8684210526315788
Gurgaon,Udyog Vihar,37,3.023076923076923,1.4864864864864864
Gurgaon,Sector 31,35,3.2,1.4285714285714286
Gurgaon,Sector 45,31,3.1533333333333333,1.3548387096774193
Gurgaon,Sushant Lok,30,3.4960000000000004,1.7666666666666666
Gurgaon,DLF Phase 1,27,3.3521739130434782,1.7777777777777777
Gurgaon,Golf Course Road,27,3.559259259259259,2.4444444444444446
Gurgaon,"Unitech Infospace, Sector 21, Gurgaon",25,3.2181818181818183,1.64
Gurgaon,MG Road,24,3.1750000000000003,2.125
Gurgaon,"MGF Metropolitan Mall, MG Road",24,3.2416666666666667,2.125
Gurgaon,DLF Phase 4,21,3.804761904761905,2.1904761904761907
Gurgaon,Sector 17,21,3.4,1.2380952380952381
Gurgaon,Sector 39,20,3.0,1.4
Gurgaon,Ardee City,19,3.0,1.4736842105263157
Gurgaon,"Sushant Shopping Arcade, Sushant Lok, Gurgaon",18,3.1944444444444446,1.7222222222222223
Gurgaon,"DLF Galleria, DLF Phase 4",17,3.5823529411764703,1.8823529411764706
Gurgaon,"Supermart 1, DLF Phase 4",17,3.7529411764705882,1.8823529411764706
Gurgaon,"Vyapar Kendra, Sushant Lok",17,3.1375,1.2941176470588236
Gurgaon,"DLF Mega Mall, DLF Phase 1",15,3.007142857142857,1.9333333333333333
Gurgaon,"DLF South Point Mall, Golf Course Road",15,3.7066666666666666,2.533333333333333
Gurgaon,"Qutab Plaza, DLF Phase 1",13,3.1076923076923078,1.5384615384615385
Gurgaon,Sector 23,12,3.2625,1.8333333333333333
Gurgaon,Sector 15,11,3.0090909090909093,1.5454545454545454
Gurgaon,"Central Plaza Mall, Golf Course Road",10,3.5,2.0
Gurgaon,DLF Phase 2,10,3.8,1.3
Gurgaon,Sector 7,10,3.2399999999999998,1.4
Gurgaon,Sector 22,9,3.0,1.0
Gurgaon,"Cross Point Mall, DLF Phase 4",8,3.9125,2.875
Gurgaon,"One Horizon Center, Golf Course Road",8,3.5625,2.5
Gurgaon,South City 2,8,2.9,1.5
Gurgaon,"DT City Centre Mall, MG Road",7,3.042857142857143,2.2857142857142856
Gurgaon,"Global Foyer Mall, Golf Course Road",7,3.642857142857143,2.7142857142857144
Gurgaon,"Huda City Centre Metro Station, Sector 29, Gurgaon",7,3.557142857142857,1.8571428571428572
Gurgaon,Sector 21,7,3.175,1.4285714285714286
Gurgaon,"Vyapar Kendra, Palam Vihar",7,2.8333333333333335,1.1428571428571428
Gurgaon,"MGF Metropolis Mall, MG Road",6,3.1999999999999997,1.6666666666666667
Gurgaon,"Shopping Mall, DLF Phase 1",6,3.3666666666666667,1.3333333333333333
Gurgaon,DLF Cyber City,5,3.46,2.4
Gurgaon,"DT Mega Mall, DLF Phase 1",5,3.3600000000000003,2.2
Gurgaon,"Unitech Cyber Park, Sector 39, Gurgaon",5,3.4333333333333336,1.6
Gurgaon,"Ansal Plaza Mall, Palam Vihar",4,3.0,1.0
Gurgaon,DLF Phase 5,4,3.675,1.25
Gurgaon,"MGF Mega City Mall, MG Road",4,3.65,3.0
Gurgaon,"Park Plaza, Sushant Lok",4,3.5,3.75
Gurgaon,Sikandarpur,4,,1.0
Gurgaon,"Hong Kong Bazaar Mall, Sector 57, Gurgaon",3,3.0,1.6666666666666667
Gurgaon,"Le Meridien Gurgaon, MG Road",3,3.6999999999999997,3.6666666666666665
Gurgaon,"Leisure Inn, Sector 14, Gurgaon",3,3.0,3.0
Gurgaon,Omaxe Gurgaon Mall,3,3.3666666666666667,1.6666666666666667
Gurgaon,"Raheja Mall, Sohna Road",3,2.8333333333333335,2.0
Gurgaon,Sector 12,3,3.0,2.0
Gurgaon,Sector 43,3,3.4333333333333336,1.6666666666666667
Gurgaon,Sector 8,3,3.0,1.0
Gurgaon,"The Bristol Hotel, DLF Phase 1",3,3.1666666666666665,4.0
Gurgaon,"The Westin Gurgaon, Sector 29",3,3.8666666666666667,4.0
Gurgaon,"Two Horizon Center, Golf Course Road",3,3.6666666666666665,3.0
Gurgaon," ILD Trade Centre Mall, Sohna Road",2,3.05,1.5
Gurgaon,"Ambience Mall, Gurgaon",2,4.15,3.5
Gurgaon,"Best Western Skycity Hotel, Sector 15, Gurgaon",2,2.8499999999999996,3.5
Gurgaon,"Country Inn & Suites by Carlson, Sector 12",2,3.25,3.0
Gurgaon,"Courtyard by Marriott, Sushant Lok",2,3.2,4.0
Gurgaon,"Crowne Plaza, Sector 29",2,3.8,4.0
Gurgaon,"DLF Star Mall, Sector 30",2,4.15,3.5
Gurgaon,"DoubleTree by Hilton, Sector 56",2,3.5,4.0
Gurgaon,"Fortune Select Excalibur, Sohna Road",2,3.8,3.5
Gurgaon,"Hotel Clark Inn, Sector 15",2,2.8,3.0
Gurgaon,"Hotel Grenville, MG Road",2,2.8,2.5
Gurgaon,"Hotel Haute.Monde, Sector 15",2,2.8,3.0
Gurgaon,Hyatt Place Gurgaon,2,3.8,3.5
Gurgaon,"JMD Regent Arcade Mall, MG Road",2,3.2,3.0
Gurgaon,"Kingdom of Dreams, Sector 29",2,3.7,2.5
Gurgaon,"Ninex City Mart Mall, Sohna Road",2,3.3499999999999996,2.0
Gurgaon,Sadar Bazar,2,3.1500000000000004,1.0
Gurgaon,"Sahara Mall, MG Road",2,3.0,2.5
Gurgaon,Sector 30,2,3.9,2.5
Gurgaon,Sector 50,2,3.3,1.5
Gurgaon,Sector 54,2,3.15,2.5
Gurgaon,Sector 57,2,3.0,1.5
Gurgaon,South City 1,2,,2.0
Gurgaon,"Suncity Business Tower, Golf Course Road",2,3.95,2.5
Gurgaon,"The Habitare Hotel, Sector 14",2,3.0,2.5
Gurgaon,"The Westin Sohna Resort & Spa, Sohna Road",2,3.55,4.0
Gurgaon,"Trident, Udyog Vihar",2,3.4,4.0
Gurgaon,"Vivanta by Taj, Sector 44, Gurgaon",2,3.9,4.0
Gurgaon,"Central Arcade, DLF Phase 2, Gurgaon",1,3.9,2.0
Gurgaon,"Country Inn & Suites By Carlson, Udyog Vihar",1,3.5,4.0
Gurgaon,"Country Inn & Suites by Carlson, Gurgaon",1,3.8,3.0
Gurgaon,"Country Inn & Suites, Sohna Road",1,3.4,3.0
Gurgaon,"Cyber Greens, DLF Cyber City",1,2.8,2.0
Gurgaon,"Fortune Select Global, MG Road",1,2.6,4.0
Gurgaon,"IBIS Hotel, Golf Course Road",1,2.7,3.0
Gurgaon,"JMD Megapolis Mall, Sohna Road",1,3.4,1.0
Gurgaon,"Jukaso It Suites, Sector 14",1,2.8,3.0
Gurgaon,"Lemon Tree Premier, Sector 29",1,3.2,4.0
Gurgaon,"Omaxe Celebration Mall, Sohna Road, Gurgaon",1,2.2,2.0
Gurgaon,"Park Inn, Sector 15, Gurgaon",1,3.2,3.0
Gurgaon,"Plaza Mall, MG Road",1,3.0,4.0
Gurgaon,"Ramada Gurgaon Central, Sector 44",1,3.5,3.0
Gurgaon,Sector 5,1,2.8,1.0
Gurgaon,Sector 53,1,,1.0
Gurgaon,"The Claremont, MG Road",1,3.0,4.0
Gurgaon,"The Galgotias, Sector 23",1,2.7,3.0
Gurgaon,"The Oberoi, Udyog Vihar",1,3.2,4.0
Gurgaon,"The Pllazio Hotel, Sector 29",1,3.6,4.0
Gurgaon,"The Sapphire Mall, Sohna Road",1,3.3,2.0
Gurgaon,"Woods Resort, Gurgaon",1,3.2,3.0
Guwahati,Uzan Bazaar,5,4.02,2.0
Guwahati,Christian Basti,4,4.275,3.25
Guwahati,Zoo Tiniali,4,4.225,2.25
Guwahati,"Anil Plaza, Christian Basti",2,4.25,3.0
Guwahati,Chandmari,2,4.4,2.0
Guwahati,Ulubari,2,4.25,3.5
Guwahati,Dispur,1,4.1,2.0
Guwahati,Six Mile,1,4.0,2.0
Hepburn Springs,Hepburn Springs,2,3.8,1.5
Huskisson,Huskisson,1,4.1,2.0
Hyderabad,Jubilee Hills,7,4.385714285714285,3.0
Hyderabad,Banjara Hills,2,4.800000000000001,3.0
Hyderabad,Hitech City,2,4.3,2.5
Hyderabad,Madhapur,2,4.3,2.5
Hyderabad,"12th Square Building, Banjara Hills",1,4.3,3.0
Hyderabad,Gachibowli,1,3.8,3.0
Hyderabad,Holiday Inn Express & Suites,1,4.3,3.0
Hyderabad,Kondapur,1,4.2,3.0
Hyderabad,Ohri' Hitech City,1,4.1,3.0
Indore,Vijay Nagar,8,3.925,2.375
Indore,New Palasia,3,4.033333333333334,2.6666666666666665
Indore,Bhawar Kuan,2,3.9,3.0
Indore,Old Palasia,2,3.9,3.0
Indore,HIG-LIG,1,4.1,1.0
Indore,"Infiniti Hotel, Vijay Nagar",1,4.1,4.0
Indore,"Radisson Blu Hotel, Vijay Nagar",1,3.8,4.0
Indore,"Sayaji Hotel, Vijay Nagar",1,4.3,4.0
Indore,YN Road,1,4.0,3.0
Inner City,City and Suburban,1,4.9,4.0
Inner City,Marshalltown,1,4.9,4.0
Inverloch,Inverloch,1,3.7,1.0
Jaipur,C Scheme,6,4.233333333333333,2.6666666666666665
Jaipur,Civil Lines,2,4.05,3.0
Jaipur,"Holiday Inn Jaipur City Centre, Bais Godam",2,4.4,4.0
Jaipur,Lal Kothi,2,4.15,2.0
Jaipur,Vaishali Nagar,2,3.25,3.0
Jaipur,"Chokhi Dhani Village Resort, Tonk Road",1,4.3,3.0
Jaipur,"Devraj Niwas, Bani Park",1,4.0,3.0
Jaipur,"Hotel Clarks Amer, Malviya Nagar",1,4.9,4.0
Jaipur,Malviya Nagar,1,4.3,2.0
Jaipur,Tonk Road,1,4.3,3.0
Jaipur,Vidhyadhar Nagar,1,3.7,2.0
Jakarta,"Grand Indonesia Mall, Thamrin",2,4.35,3.0
Jakarta,Senopati,2,4.300000000000001,3.0
Jakarta,Cengkareng,1,4.9,3.0
Jakarta,Fatmawati,1,4.6,3.0
Jakarta,"Gandaria City Mall, Gandaria",1,3.9,3.0
Jakarta,"Hotel Shangri-La, Sudirman",1,4.6,3.0
Jakarta,Kelapa Gading,1,4.2,3.0
Jakarta,"Kota Kasablanka, Tebet",1,4.4,3.0
Jakarta,Penjaringan,1,4.9,3.0
Jakarta,"Plaza Festival, Kuningan",1,4.3,3.0
Jakarta,"Taman Impian Jaya Ancol, Ancol",1,4.9,3.0
Jakarta,Tanjung Duren,1,3.4,3.0
Jakarta,Tebet,1,4.0,3.0
Jakarta,Thamrin,1,4.3,3.0
Johannesburg,Parkhurst,3,4.066666666666666,4.0
Johannesburg,Greenside,1,4.3,4.0
Johannesburg,Parktown North,1,4.2,4.0
Johannesburg,Rosebank,1,4.5,4.0
Kanpur,Mall Road,4,3.925,2.0
Kanpur,Ashok Nagar,3,3.733333333333333,2.6666666666666665
Kanpur,Swaroop Nagar,3,3.6999999999999997,2.3333333333333335
Kanpur,Arya Nagar,1,3.3,2.0
Kanpur,Hotel Royal Cliff,1,4.0,4.0
Kanpur,IIT Kanpur,1,3.5,2.0
Kanpur,Parade,1,3.9,1.0
Kanpur,"Rave 3, Tilak Nagar",1,3.9,4.0
Kanpur,"Rave Moti, Kakadeo",1,3.8,3.0
Kanpur,"Status Club, Kanpur Cantonment",1,4.3,4.0
Kanpur,"The Landmark Hotel, Mall Road",1,3.9,4.0
Kanpur,Tilak Nagar,1,3.7,4.0
Kanpur,"Z Square Mall, Mall Road",1,4.0,3.0
Kochi,Kacheripady,3,4.066666666666666,2.0
Kochi,Kakkanad,3,3.8000000000000003,2.0
Kochi,Panampilly Nagar,3,4.033333333333333,2.0
Kochi,Edappally,2,4.1,1.5
Kochi,Kaloor,2,4.2,2.0
Kochi,"LuLu Mall, Edappally",2,4.25,2.0
Kochi,Chittoor Road,1,4.6,3.0
Kochi,Fort Kochi,1,4.2,2.0
Kochi,"Grand Hotel, MG Road",1,4.2,3.0
Kochi,Palarivattom,1,4.2,2.0
Kochi,Vyttila,1,3.6,2.0
Kolkata,Ballygunge,4,4.325,3.0
Kolkata,Park Street Area,4,4.225,2.75
Kolkata,"Acropolis Mall, Kasba ",2,4.4,3.0
Kolkata,"Sector 5, Salt Lake",2,4.25,3.0
Kolkata,Camac Street Area,1,4.4,3.0
Kolkata,Elgin,1,4.0,3.0
Kolkata,Golpark,1,4.2,2.0
Kolkata,Kidderpore,1,4.6,2.0
Kolkata,"Mani Square Mall, Kankurgachi",1,3.9,3.0
Kolkata,"Quest Mall, Ballygunge",1,4.4,3.0
Kolkata,"Silver Spring Arcade, Science City Area",1,4.1,3.0
Kolkata,Southern Avenue,1,4.0,3.0
Lakes Entrance,Lakes Entrance,1,3.8,1.0
Lakeview,Lakeview,1,3.6,1.0
Lincoln,Haymarket,1,4.5,2.0
London,Mayfair,2,4.6,4.0
London,"Upper St Martin's Lane, Covent Garden",2,4.5,2.5
London,"Albemarle Street, Mayfair",1,4.7,4.0
London,"Archer Street, Soho",1,4.5,3.0
London,"Beak Street, Soho",1,4.9,2.0
London,"Bishopsgate, City Of London",1,4.9,3.0
London,"Boundary Street, Shoreditch",1,4.5,3.0
London,"Broadwick Street, Soho",1,4.7,4.0
London,"Charlotte Street, Fitzrovia",1,4.6,3.0
London,Chelsea,1,4.7,4.0
London,"Conduit Street, Mayfair",1,4.5,4.0
London,Covent Garden,1,4.1,2.0
London,"D'arblay Street, Soho",1,4.5,3.0
London,"Lexington Street, Soho",1,4.9,2.0
London,"Long Acre, Covent Garden",1,3.8,2.0
London,"Portman Mews South, Marble Arch",1,4.5,3.0
London,"Tavistock Court, Covent Garden",1,4.1,2.0
London,"Walker's Court, Soho",1,4.6,3.0
Lorn,Lorn,1,3.6,2.0
Lucknow,Gomti Nagar,12,4.116666666666666,2.5
Lucknow,Hazratganj,3,4.166666666666667,2.3333333333333335
Lucknow,Aminabad,1,4.9,1.0
Lucknow,Lalbagh,1,4.2,3.0
Lucknow,Renaissance Lucknow Hotel,1,4.2,4.0
Lucknow,"Riverside Mall, Gomti Nagar",1,4.7,4.0
Lucknow,"Royal Inn, Hazratganj",1,4.2,3.0
Lucknow,Sadar Bazaar,1,4.0,2.0
Ludhiana,"Main Market, Sarabha Nagar",5,4.08,2.6
Ludhiana,Gurdev Nagar,3,3.9,2.6666666666666665
Ludhiana,Civil Lines,2,4.05,2.0
Ludhiana,"A Hotel, Gurdev Nagar",1,3.6,2.0
Ludhiana,Aggar Nagar,1,3.5,3.0
Ludhiana,BRS Nagar,1,4.1,3.0
Ludhiana,"Hyatt Regency, Rajguru Nagar",1,4.3,4.0
Ludhiana,PAU,1,3.5,3.0
Ludhiana,Rajguru Nagar,1,3.9,3.0
Ludhiana,Sarabha Nagar,1,4.2,2.0
Ludhiana,Shastri Nagar,1,4.6,2.0
Ludhiana,"Silver Arc Mall, Gurdev Nagar",1,3.8,3.0
Ludhiana,"Westend Mall, Rajguru Nagar",1,3.9,3.0
Macedon,Macedon,1,3.5,2.0
Macon,Macon,10,4.3100000000000005,2.3
Macon,Warner Robins,9,3.922222222222222,1.7777777777777777
Macon,Bonaire,1,3.9,2.0
Makati City,"Century City Mall, Poblacion, Makati City",1,4.8,3.0
Makati City,"Little Tokyo, Legaspi Village, Makati City",1,4.5,3.0
Manchester,Northern Quarter,4,4.275,2.75
Manchester,Spinningfields,3,4.333333333333333,2.6666666666666665
Manchester,Cheetham Hill,2,3.3,2.0
Manchester,Deansgate,2,4.2,3.5
Manchester,Market Street,2,4.1,3.5
Manchester,Oxford Road,2,3.5,2.0
Manchester,Rusholme,2,4.1,2.0
Manchester,"The Midland, Deansgate",2,4.25,3.5
Manchester,Levenshulme,1,3.9,2.0
Mandaluyong City,"SM Megamall, Ortigas, Mandaluyong City",3,4.7,3.6666666666666665
Mandaluyong City,"Edsa Shangri-La, Ortigas, Mandaluyong City",1,4.4,4.0
Mangalore,Balmatta,7,3.7142857142857144,2.2857142857142856
Mangalore,Kadri,3,3.6999999999999997,2.6666666666666665
Mangalore,Lalbagh,2,3.8499999999999996,2.0
Mangalore,Attavar,1,3.6,2.0
Mangalore,Bhavathi,1,4.2,2.0
Mangalore,"Goldfinch Hotel, Balmatta",1,3.5,4.0
Mangalore,Hampankatta,1,3.6,2.0
Mangalore,KS Rao Nagar,1,3.7,3.0
Mangalore,Kankanady,1,3.7,4.0
Mangalore,Kodailbail,1,4.1,3.0
Mangalore,"The Ocean Pearl, Kodailbail",1,3.7,2.0
Mayfield,Mayfield,1,2.9,2.0
Mc Millan,Mc Millan,1,2.4,1.0
Middleton Beach,Middleton Beach,1,3.8,3.0
Miller,Miller,1,3.4,1.0
Mohali,Sector 70,1,4.3,2.0
Monroe,Monroe,1,3.6,2.0
Montville,Montville,1,2.4,3.0
Mumbai,Lower Parel,3,4.133333333333334,2.6666666666666665
Mumbai,Malad West,3,4.333333333333333,2.3333333333333335
Mumbai,Borivali West,2,4.05,2.5
Mumbai,Powai,2,4.35,3.0
Mumbai,Azad Nagar,1,4.0,2.0
Mumbai,Borivali East,1,4.0,3.0
Mumbai,Fort,1,4.2,3.0
Mumbai,"Hill Road, Bandra West",1,4.1,3.0
Mumbai,Juhu,1,3.8,3.0
Mumbai,"Linking Road, Bandra West",1,3.8,3.0
Mumbai,"Majiwada, Thane West",1,3.9,3.0
Mumbai,"Ramee Guestline Hotel, Juhu",1,4.0,3.0
Mumbai,"Versova, Andheri West",1,4.1,3.0
Mumbai,Vile Parle East,1,3.6,3.0
Mysore,Vijay Nagar,7,3.6142857142857143,2.5714285714285716
Mysore,Chamrajpura,3,3.6666666666666665,2.3333333333333335
Mysore,Gokulam,3,3.6333333333333333,2.0
Mysore,Jayalakhsmipuram,3,3.8333333333333335,2.6666666666666665
Mysore,Doora,1,4.2,1.0
Mysore,Ittige Gudu,1,3.8,4.0
Mysore,Kuvempunagar,1,3.5,2.0
Mysore,"Pai Hotels, Doora",1,3.7,3.0
Nagpur,Bajaj Nagar,5,3.8599999999999994,1.6
Nagpur,Civil Lines,3,3.966666666666667,2.0
Nagpur,Dharampeth,3,3.9333333333333336,2.0
Nagpur,Sitabuldi,3,3.7000000000000006,3.0
Nagpur,Dhantoli,1,4.3,3.0
Nagpur,Mohan Nagar,1,4.4,3.0
Nagpur,Pratap Nagar,1,4.5,2.0
Nagpur,Ramdaspeth,1,4.0,3.0
Nagpur,Sadar,1,4.2,3.0
Nagpur,Vivekanand Nagar,1,3.8,3.0
Nashik,College Road,8,3.45,2.625
Nashik,Satpur,4,3.425,2.5
Nashik,Anand Wali Goan,3,3.6666666666666665,3.0
Nashik,"Bon Vivant, College Road",2,3.55,2.5
Nashik,"City Center, Parijat Nagar",1,3.8,4.0
Nashik,Parijat Nagar,1,3.8,4.0
Nashik,"SSK Solitaire, Satpur",1,3.4,3.0
New Delhi,Connaught Place,122,3.779831932773109,2.598360655737705
New Delhi,Rajouri Garden,99,3.628571428571429,2.202020202020202
New Delhi,Shahdara,87,3.0,1.1379310344827587
New Delhi,Defence Colony,86,3.49493670886076,1.930232558139535
New Delhi,Pitampura,85,3.168831168831169,1.4705882352941178
New Delhi,Malviya Nagar,84,3.417857142857143,1.7738095238095237
New Delhi,Mayur Vihar Phase 1,84,2.9859649122807017,1.2976190476190477
New Delhi,Rajinder Nagar,81,3.0564102564102567,1.4320987654320987
New Delhi,Safdarjung,80,3.247826086956522,1.675
New Delhi,Satyaniketan,79,3.5269230769230773,1.620253164556962
New Delhi,Karol Bagh,76,3.2416666666666667,1.5657894736842106
New Delhi,Krishna Nagar,76,3.0913043478260867,1.263157894736842
New Delhi,Hauz Khas,74,3.254385964912281,1.5405405405405406
New Delhi,Kalkaji,73,3.117142857142857,1.3835616438356164
New Delhi,Mahipalpur,69,2.96,1.463768115942029
New Delhi,Mukherjee Nagar,68,3.0083333333333333,1.0735294117647058
New Delhi,Chandni Chowk,67,3.358181818181818,1.1194029850746268
New Delhi,Shalimar Bagh,67,3.1608695652173915,1.2238805970149254
New Delhi,Greater Kailash (GK) 1,66,3.696969696969697,2.212121212121212
New Delhi,Greater Kailash (GK) 2,66,3.553030303030303,2.1818181818181817
New Delhi,Delhi University-GTB Nagar,65,3.2962962962962963,1.4615384615384615
New Delhi,Kamla Nagar,65,3.454838709677419,1.4461538461538461
New Delhi,Paharganj,64,2.9983333333333335,1.6875
New Delhi,Vasundhara Enclave,62,3.052941176470588,1.096774193548387
New Delhi,Jail Road,61,3.122,1.2131147540983607
New Delhi,Najafgarh,60,2.9,1.0666666666666667
New Delhi,Palam,60,2.9,1.2
New Delhi,Punjabi Bagh,60,3.393333333333333,1.9
New Delhi,Tilak Nagar,60,3.048148148148148,1.1166666666666667
New Delhi,Vikaspuri,60,3.067857142857143,1.35
New Delhi,Uttam Nagar,59,2.9057142857142857,1.0847457627118644
New Delhi,Laxmi Nagar,58,3.041509433962264,1.3275862068965518
New Delhi,Dilshad Garden,57,3.046875,1.3333333333333333
New Delhi,Jangpura,57,3.117142857142857,1.3333333333333333
New Delhi,East of Kailash,56,3.076923076923077,1.3571428571428572
New Delhi,Kirti Nagar,56,3.0910714285714285,1.7678571428571428
New Delhi,Paschim Vihar,56,3.148214285714286,1.3928571428571428
New Delhi,Naraina,54,3.0076923076923077,1.1481481481481481
New Delhi,Subhash Nagar,51,3.0277777777777777,1.1176470588235294
New Delhi,East Patel Nagar,50,3.229268292682927,1.52
New Delhi,Preet Vihar,49,3.1333333333333333,1.3673469387755102
New Delhi,Netaji Subhash Place,48,3.529166666666667,1.6458333333333333
New Delhi,Rohini,48,3.3520833333333333,1.5416666666666667
New Delhi,IP Extension,47,3.060714285714286,1.297872340425532
New Delhi,New Friends Colony,47,3.126470588235294,1.574468085106383
New Delhi,Chittaranjan Park,46,3.1305555555555555,1.5217391304347827
New Delhi,Green Park,46,3.2941176470588234,1.826086956521739
New Delhi,Janakpuri,46,3.3152173913043477,1.7391304347826086
New Delhi,Khan Market,44,3.802325581395349,2.7045454545454546
New Delhi,Daryaganj,43,3.2875,1.372093023255814
New Delhi,Munirka,43,3.040909090909091,1.255813953488372
New Delhi,Anand Vihar,42,3.281481481481481,1.380952380952381
New Delhi,Lajpat Nagar 1,42,3.126315789473684,1.2380952380952381
New Delhi,Nangloi,41,,1.024390243902439
New Delhi,South Extension 2,41,3.3294117647058825,1.7560975609756098
New Delhi,Moti Nagar,40,3.2217391304347824,1.4
New Delhi,Gujranwala Town,39,3.275,1.358974358974359
New Delhi,Janpath,39,3.5727272727272728,2.2051282051282053
New Delhi,GTB Nagar,38,3.361111111111111,1.5263157894736843
New Delhi,R K Puram,38,3.175,1.3421052631578947
New Delhi,Ashok Vihar Phase 1,36,3.09,1.3611111111111112
New Delhi,Saket,36,3.25625,1.6944444444444444
New Delhi,Tagore Garden,36,3.2809523809523813,1.3333333333333333
New Delhi,Vasant Vihar,36,3.2708333333333335,1.5555555555555556
New Delhi,Vivek Vihar,36,3.1,1.1944444444444444
New Delhi,Sainik Farms,35,2.75,1.1428571428571428
New Delhi,Geeta Colony,34,3.08,1.2058823529411764
New Delhi,MG Road,34,2.95,1.2647058823529411
New Delhi,Alaknanda,32,3.1291666666666664,1.375
New Delhi,Chanakyapuri,32,3.085714285714286,1.84375
New Delhi,Mayur Vihar Phase 3,32,2.945,1.28125
New Delhi,Nehru Place,32,3.196,1.53125
New Delhi,Lodhi Colony,31,3.29,2.032258064516129
New Delhi,Vijay Nagar,31,3.606451612903226,1.4838709677419355
New Delhi,Mayur Vihar Phase 2,29,3.1346153846153846,1.2413793103448276
New Delhi,"Pacific Mall, Tagore Garden",27,3.1956521739130435,1.7407407407407407
New Delhi,Shakarpur,27,2.942857142857143,1.1481481481481481
New Delhi,Jama Masjid,26,3.561111111111111,1.1923076923076923
New Delhi,Sarita Vihar,26,3.0,1.2307692307692308
New Delhi,Shahpur Jat,26,3.715384615384615,2.230769230769231
New Delhi,"V3S Mall, Laxmi Nagar",26,2.819230769230769,1.7692307692307692
New Delhi,Majnu ka Tila,25,3.1,1.32
New Delhi,Model Town 2,25,3.2560000000000002,1.48
New Delhi,"Select Citywalk Mall, Saket",25,3.764,2.2
New Delhi,Yusuf Sarai,25,3.075,1.24
New Delhi,Hauz Khas Village,24,3.845833333333333,2.7916666666666665
New Delhi,Karkardooma,23,3.4826086956521736,1.8695652173913044
New Delhi,"Moments Mall, Kirti Nagar",23,3.2347826086956526,1.6956521739130435
New Delhi,Qutab Institutional Area,23,2.9,1.2173913043478262
New Delhi,Vasant Kunj,23,3.686363636363636,2.260869565217391
New Delhi,Kailash Colony,22,3.5,1.6818181818181819
New Delhi,Lajpat Nagar 2,22,3.2523809523809524,1.9545454545454546
New Delhi,"Epicuria Food Mall, Nehru Place",21,3.505,2.142857142857143
New Delhi,Jasola,21,3.15,1.8095238095238095
New Delhi,"Dilli Haat, INA",20,3.225,1.35
New Delhi,Mehrauli,20,2.925,1.2
New Delhi,Pandav Nagar,20,2.9,1.15
New Delhi,Lodhi Road,19,3.2857142857142856,1.6842105263157894
New Delhi,"Community Centre, New Friends Colony",18,3.1,1.7222222222222223
New Delhi,Prashant Vihar,17,3.066666666666667,1.3529411764705883
New Delhi,Barakhamba Road,16,3.2083333333333335,1.4375
New Delhi,"Basant Lok Market, Vasant Vihar",15,3.2199999999999998,2.2
New Delhi,Civil Lines,15,3.3,1.4666666666666666
New Delhi,Lawrence Road,15,3.3111111111111113,1.2666666666666666
New Delhi,Mayapuri Phase 2,15,3.125,1.1333333333333333
New Delhi,SDA,15,3.223076923076923,1.6666666666666667
New Delhi,Ashok Vihar Phase 2,14,3.3785714285714286,2.0714285714285716
New Delhi,"Worldmark 1, Aerocity",14,3.22,1.8571428571428572
New Delhi,Zakir Nagar,14,,1.2142857142857142
New Delhi,Adchini,13,3.2923076923076926,2.0
New Delhi,"DLF Promenade Mall, Vasant Kunj",13,3.7615384615384615,1.6153846153846154
New Delhi,"Living Style Mall, Jasola",13,2.9846153846153842,1.7692307692307692
New Delhi,PVR Anupam Complex,13,3.430769230769231,2.076923076923077
New Delhi,Sarojini Nagar,13,3.3166666666666664,1.1538461538461537
New Delhi,South Extension 1,13,3.1333333333333333,1.6153846153846154
New Delhi,"Ambience Mall, Vasant Kunj",12,3.4250000000000003,2.4166666666666665
New Delhi,Chawri Bazar,12,3.8000000000000003,1.0
New Delhi,"DLF Place Mall, Saket",12,3.6999999999999997,2.0833333333333335
New Delhi,Ashok Vihar Phase 3,11,3.3909090909090907,1.6363636363636365
New Delhi,JNU,10,3.1375,1.2
New Delhi,Model Town 3,10,3.3444444444444446,1.4
New Delhi,Nizamuddin,10,3.2,1.3
New Delhi,Pandara Road Market,10,3.8600000000000003,2.4
New Delhi,Bhikaji Cama Place,9,2.7555555555555555,1.6666666666666667
New Delhi,Lado Sarai,9,3.3,1.6666666666666667
New Delhi,"Palate of Delhi, Chanakyapuri",9,3.2,1.6666666666666667
New Delhi,"The Imperial, Janpath",9,3.5999999999999996,3.7777777777777777
New Delhi,"Vasant Square Mall, Vasant Kunj",9,3.322222222222222,2.0
New Delhi,"Ansal Plaza Mall, Khel Gaon Marg",8,3.75,2.875
New Delhi,Narela,8,,1.25
New Delhi,Okhla Phase 1,8,3.3,1.125
New Delhi,Patparganj,8,3.1875,1.5
New Delhi,Rajendra Place,8,3.575,2.125
New Delhi,"The India Mall, New Friends Colony",8,2.9714285714285715,1.75
New Delhi,"The Lalit New Delhi, Barakhamba Road",8,3.5375,3.625
New Delhi,Chander Nagar,7,3.085714285714286,1.2857142857142858
New Delhi,"DLF South Square, Sarojini Nagar",7,2.983333333333333,1.7142857142857142
New Delhi,"Sangam Courtyard, RK Puram",7,3.871428571428571,3.2857142857142856
New Delhi,"Star City Mall, Mayur Vihar Phase 1",7,2.9857142857142853,2.142857142857143
New Delhi,Sunder Nagar,7,3.6999999999999997,2.857142857142857
New Delhi,"The Claridges, Aurangzeb Road",7,3.7142857142857144,3.857142857142857
New Delhi,"The Taj Mahal Hotel, Mansingh Road",7,3.7857142857142856,4.0
New Delhi,"District Centre, Janakpuri",6,2.9499999999999997,2.0
New Delhi,"Hotel The Royal Plaza, Janpath",6,3.4166666666666665,4.0
New Delhi,"Hyatt Regency, Bhikaji Cama Place",6,3.8000000000000003,3.8333333333333335
New Delhi,"ITC Maurya, Chanakyapuri",6,3.733333333333333,3.6666666666666665
New Delhi,India Gate,6,3.3666666666666667,1.1666666666666667
New Delhi,"Le Meridien, Janpath",6,3.6666666666666665,4.0
New Delhi,"MGM Club, Daryaganj",6,3.2,3.5
New Delhi,Okhla Phase 2,6,3.175,1.6666666666666667
New Delhi,"Radisson Blu Plaza Delhi, Mahipalpur",6,3.9499999999999997,3.6666666666666665
New Delhi,"The Ashok, Chanakyapuri",6,3.5333333333333337,3.5
New Delhi,Wazirpur,6,3.05,1.0
New Delhi,"Aggarwal City Plaza, Rohini",5,3.04,1.8
New Delhi,"Cross River Mall, Karkardooma",5,3.3200000000000003,2.0
New Delhi,"D Mall, Netaji Subhash Place",5,3.4799999999999995,2.2
New Delhi,"DLF City Centre Mall, Shalimar Bagh",5,3.225,1.4
New Delhi,"Eros Hotel, Nehru Place",5,3.72,3.4
New Delhi,Greater Kailash (GK) 3,5,3.4200000000000004,2.0
New Delhi,"JMD Kohinoor Mall, Greater Kailash",5,3.38,1.6
New Delhi,"Jaypee Vasant Continental, Vasant Vihar",5,3.4,3.6
New Delhi,"MGF Metropolitan Mall, Saket",5,3.6399999999999997,3.4
New Delhi,Moti Bagh,5,3.18,1.6
New Delhi,"Shangri La's - Eros hotel, Janpath",5,3.88,4.0
New Delhi,"Spark Mall, Kamla Nagar",5,3.3200000000000003,1.6
New Delhi,"The Leela Palace, Chanakyapuri",5,3.78,4.0
New Delhi,"Unity One Mall, Janakpuri",5,3.2600000000000002,1.4
New Delhi,"Aditya Mega Mall, Karkardooma",4,3.275,2.25
New Delhi,Aerocity,4,3.2,2.0
New Delhi,"Crescent Square Mall, Rohini",4,3.15,2.25
New Delhi,Delhi Cantt.,4,,1.25
New Delhi,INA,4,3.1999999999999997,1.5
New Delhi,ITO,4,3.25,1.25
New Delhi,Mandi House,4,3.25,1.25
New Delhi,Panchsheel Park,4,3.525,1.75
New Delhi,The Leela Ambience Convention Hotel,4,3.775,4.0
New Delhi,"The Suryaa New Delhi, New Friends Colony",4,3.425,3.5
New Delhi,"The Taj Palace Hotel, Chanakyapuri",4,3.8,3.75
New Delhi,West Patel Nagar,4,3.675,1.25
New Delhi,"Aggarwal City Mall, Pitampura",3,3.033333333333333,2.3333333333333335
New Delhi,Asaf Ali Road,3,3.05,1.3333333333333333
New Delhi,"Bellagio, Ashok Vihar Phase 2",3,3.3000000000000003,3.0
New Delhi,"City Square Mall, Rajouri Garden",3,3.1666666666666665,3.3333333333333335
New Delhi,Essex Farms,3,3.5,2.3333333333333335
New Delhi,"Fun City Mall, Prashant Vihar",3,,1.3333333333333333
New Delhi,Karampura,3,3.533333333333333,1.3333333333333333
New Delhi,"Maidens Hotel, Civil Lines",3,3.1333333333333333,4.0
New Delhi,"Metro Walk Mall, Rohini",3,3.1333333333333333,2.6666666666666665
New Delhi,"Pride Plaza Hotel, Aerocity",3,3.1,3.3333333333333335
New Delhi,"Roseate House, Aerocity",3,3.25,3.6666666666666665
New Delhi,"Sheraton New Delhi Hotel, Saket",3,4.066666666666666,4.0
New Delhi,"TDI Mall, Rajouri Garden",3,3.5,2.3333333333333335
New Delhi,"Taj Vivanta, Khan Market",3,3.6333333333333333,4.0
New Delhi,"The Park, Connaught Place",3,3.4666666666666663,4.0
New Delhi,"The Uppal, Aerocity",3,3.0666666666666664,3.3333333333333335
New Delhi,"The Village Restaurant Complex, Khel Gaon Marg",3,3.8333333333333335,3.3333333333333335
New Delhi,Uday Park,3,3.733333333333333,2.0
New Delhi,Anand Lok,2,3.8,2.0
New Delhi,"Crowne Plaza Hotel, Rohini",2,3.6,3.5
New Delhi,"Crowne Plaza, Mayur Vihar Phase 1",2,3.35,4.0
New Delhi,"DDA Market, Kalu Sarai, Hauz Khas",2,3.0,1.0
New Delhi,"DLF Emporio Mall, Vasant Kunj",2,3.65,3.0
New Delhi,Feroze Shah Road,2,4.2,1.0
New Delhi,Friends Colony,2,4.050000000000001,3.0
New Delhi,"Ginger Hotel, Vivek Vihar",2,4.0,2.5
New Delhi,"Holiday Inn, Mayur Vihar",2,3.55,3.5
New Delhi,"Hotel Broadway, Daryaganj",2,3.65,3.5
New Delhi,"Hotel City Park, Pitampura",2,3.3499999999999996,4.0
New Delhi,"Hotel Classic Diplomat, Mahipalpur",2,,2.5
New Delhi,"Hotel Regent Grand, Karol Bagh",2,3.0,2.0
New Delhi,"Jaypee Siddharth, Rajendra Place",2,3.45,4.0
New Delhi,Kapashera,2,3.2,2.0
New Delhi,Lajpat Nagar 4,2,3.8,1.5
New Delhi,Mathura Road,2,4.2,2.5
New Delhi,Pragati Maidan,2,3.9,2.0
New Delhi,"Premier Inn, Shalimar Bagh",2,3.05,4.0
New Delhi,"Radisson Blu, Paschim Vihar",2,3.2,4.0
New Delhi,Shanti Niketan Marg,2,3.0999999999999996,1.5
New Delhi,"Southern Park Mall, Saket",2,3.45,3.5
New Delhi,"The Grand New Delhi, Vasant Kunj",2,3.45,4.0
New Delhi,"The Lodhi, Lodhi Road",2,3.3499999999999996,2.5
New Delhi,Vikas Marg,2,3.4,1.0
New Delhi,"West End Mall, Janak Puri",2,2.75,1.5
New Delhi,"ibis New Delhi, Aerocity",2,3.1,2.0
New Delhi,"ARSS Mall, Paschim Vihar",1,3.1,2.0
New Delhi,Aaya Nagar,1,,2.0
New Delhi,"Andaz Delhi, Aerocity",1,3.0,3.0
New Delhi,"Best Western Taurus Hotel, Mahipalpur",1,2.7,3.0
New Delhi,"Centaur Hotel, Aerocity",1,,3.0
New Delhi,Chhatarpur,1,2.7,2.0
New Delhi,"City Centre Mall, Rohini",1,3.4,3.0
New Delhi,Dr. Zakir Hussain Marg,1,2.9,1.0
New Delhi,Durga Puri,1,2.9,1.0
New Delhi,"Garden of Five Senses, Saket",1,4.2,4.0
New Delhi,"Gourmet Hub, Pashim Vihar",1,3.4,2.0
New Delhi,"Holiday Inn, Aerocity",1,3.3,3.0
New Delhi,JW Marriott New Delhi,1,3.3,4.0
New Delhi,Jor Bagh,1,3.1,1.0
New Delhi,"Kasbah, Greater Kailash (GK) 1",1,4.5,4.0
New Delhi,Kashmiri Gate,1,3.3,2.0
New Delhi,"Lemon Tree Premier, Aerocity",1,3.5,3.0
New Delhi,Mansingh Road,1,,1.0
New Delhi,Model Town 1,1,3.8,1.0
New Delhi,"Piccadily Hotel, Janakpuri",1,2.6,4.0
New Delhi,Race Course,1,2.9,1.0
New Delhi,"Sector 15, Dwarka",1,3.1,1.0
New Delhi,Shastri Park,1,,2.0
New Delhi,Sheikh Sarai,1,3.1,1.0
New Delhi,"T3 Domestic Arrival, Aerocity",1,3.2,1.0
New Delhi,Tilak Marg,1,,1.0
New Delhi,Trilokpuri,1,,1.0
New Delhi,Tughlakabad Institutional Area,1,3.7,2.0
New Delhi,"West Gate Mall, Rajouri Garden",1,3.5,3.0
New Delhi,"Worldmark 3, Aerocity",1,,2.0
Noida,Sector 62,76,3.0326530612244897,1.4210526315789473
Noida,Sector 18,75,3.3706666666666667,2.1333333333333333
Noida,Sector 72,61,3.0307692307692307,1.4426229508196722
Noida,Sector 110,53,3.0166666666666666,1.6415094339622642
Noida,Sector 41,45,3.15625,1.5333333333333334
Noida,Sector 132,43,2.942857142857143,1.3953488372093024
Noida,Greater Noida,38,2.9499999999999997,1.5263157894736843
Noida,"The Great India Place, Sector 38",37,3.1580645161290324,2.0
Noida,Sector 50,35,2.951724137931034,1.7142857142857142
Noida,"DLF Mall of India, Sector 18,  Noida",31,3.8419354838709676,2.225806451612903
Noida,"Logix City Centre, Sector 32, Noida",30,3.0210526315789474,1.5666666666666667
Noida,Sector 15,29,3.0866666666666664,1.206896551724138
Noida,Sector 51,28,3.1454545454545455,1.6071428571428572
Noida,Sector 27,26,2.9894736842105263,1.1538461538461537
Noida,Sector 37,25,3.566666666666667,1.36
Noida,Sector 44,23,3.130769230769231,1.5217391304347827
Noida,Sector 12,22,2.92,1.3181818181818181
Noida,Sector 53,19,2.933333333333333,1.4736842105263157
Noida,"Supertech Shopprix Mall, Sector 61",19,2.8117647058823527,2.1052631578947367
Noida,Sector 93,18,3.125,1.4444444444444444
Noida,"Spice World Mall, Sector 25",16,3.05,1.9375
Noida,"Gardens Galleria, Sector 38 Noida",14,3.7714285714285714,2.0714285714285716
Noida,"Jaipuria Plaza, Sector 26, Noida",13,3.216666666666667,1.5384615384615385
Noida,Sector 34,13,3.025,1.5384615384615385
Noida,Sector 38,13,3.2125,1.5384615384615385
Noida,Sector 58,13,3.0,1.3076923076923077
Noida,Sector 63,12,2.6,1.25
Noida,Sector 16,11,3.442857142857143,1.6363636363636365
Noida,Sector 48,10,2.8625,1.5
Noida,Sector 2,9,3.0,1.6666666666666667
Noida,Sector 22,9,2.8333333333333335,1.3333333333333333
Noida,Sector 45,9,3.15,1.3333333333333333
Noida,"Ganga Shopping Complex, Sector 29",8,3.2142857142857144,2.0
Noida,Sector 11,8,3.1399999999999997,1.625
Noida,Sector 125,8,3.4799999999999995,1.25
Noida,Sector 31,8,3.0200000000000005,1.25
Noida,"MSX Mall, Greater Noida",7,3.033333333333333,1.2857142857142858
Noida,Sector 10,7,3.266666666666667,1.2857142857142858
Noida,Sector 29,7,3.3600000000000003,1.2857142857142858
Noida,Sector 59,7,2.85,1.2857142857142858
Noida,Sector 71,7,3.0,1.2857142857142858
Noida,Sector 25,6,3.025,1.5
Noida,Sector 28,6,3.1166666666666667,1.3333333333333333
Noida,Sector 47,6,3.2,1.3333333333333333
Noida,Sector 65,6,3.0,1.3333333333333333
Noida,"Ansal Plaza Mall, Greater Noida",5,3.15,1.8
Noida,Sector 3,5,3.233333333333333,1.2
Noida,Sector 33,5,3.1999999999999997,1.0
Noida,Sector 52,5,3.05,1.2
Noida,Sector 56,5,2.8333333333333335,1.4
Noida,Sector 61,5,3.25,1.2
Noida,"Tulip Mall, Sector 48, Noida",5,2.6,1.6
Noida,Brahmaputra Shopping Complex,4,3.525,1.0
Noida,"Centre Stage Mall, Sector 18",4,3.1,3.25
Noida,"Jaypee Greens Golf & Spa Resort, Surajpur",4,3.25,3.25
Noida,Sector 19,4,3.2,1.5
Noida,Sector 49,4,3.233333333333333,1.25
Noida,"Harsha Mall, Greater Noida",3,2.9,1.6666666666666667
Noida,"Hotel Golf View, Sector 37, Noida",3,3.0,3.3333333333333335
Noida,"Park Plaza Hotel, Sector 55, Noida",3,3.5666666666666664,3.3333333333333335
Noida,Sector 20,3,2.8,1.3333333333333333
Noida,Sector 21,3,3.15,1.3333333333333333
Noida,Sector 26,3,3.3,1.3333333333333333
Noida,Sector 39,3,3.1333333333333333,1.6666666666666667
Noida,Sector 5,3,3.65,1.0
Noida,Sector 60,3,,1.3333333333333333
Noida,Sector 7,3,3.0,1.6666666666666667
Noida,"Fortune Inn Grazia, Sector 27, Noida",2,3.3,3.5
Noida,"Jaypee Greens, Greater Noida, Noida",2,3.3,3.5
Noida,"Logix Cyber Park, Sector 62, Noida",2,,1.0
Noida,"Mosaic Hotels, Sector 18, Noida ",2,3.25,3.5
Noida,Sector 1,2,,1.0
Noida,Sector 30,2,3.7,2.0
Noida,Sector 4,2,3.3,1.5
Noida,Sector 40,2,3.4,1.0
Noida,Sector 55,2,2.9,1.0
Noida,Sector 8,2,3.2,1.0
Noida,"Shopprix Mall, Sector 61, Noida",2,3.1,1.5
Noida,Golf Course,1,,2.0
Noida,"Park Ascent, Sector 62, Noida",1,,4.0
Noida,"Radisson Blu, Sector 18, Noida",1,3.5,4.0
Noida,Sector 127,1,,1.0
Noida,Sector 57,1,,1.0
Noida,Sector 6,1,3.1,1.0
Noida,Sector 83,1,3.2,1.0
Ojo Caliente,Ojo Caliente,1,3.6,3.0
Orlando,Winter Park,6,4.283333333333334,2.5
Orlando,I-Drive/Universal,4,4.475,3.5
Orlando,Disney: Downtown Disney,2,4.5,3.5
Orlando,Mills 50,2,4.5,2.0
Orlando,Church Street District,1,4.4,3.0
Orlando,Disney World Area,1,4.5,3.0
Orlando,Restaurant Row,1,4.4,4.0
Orlando,Sanford,1,4.8,3.0
Orlando,The Milk District,1,4.9,2.0
Orlando,Windermere,1,4.9,3.0
Palm Cove,Palm Cove,1,4.4,3.0
Panchkula,Sector 9,1,4.2,4.0
Pasay City,"SM by the Bay, Mall of Asia Complex, Pasay City",2,4.1,4.0
Pasay City,"Sofitel Philippine Plaza Manila, Pasay City",1,4.9,4.0
Pasig City,Kapitolyo,3,4.633333333333334,3.0
Patna,Fraser Road Area,4,3.475,2.75
Patna,Golambar,4,3.425,2.0
Patna,Lodipur,3,3.4,2.6666666666666665
Patna,Sri Krishnapuri,3,3.3333333333333335,2.0
Patna,Khajpura,2,3.5,2.5
Patna,Anandpuri,1,3.5,2.0
Patna,"Hotel Maurya, Lodipur",1,3.7,4.0
Patna,"Maurya Lok, Fraser Road Area",1,3.6,2.0
Patna,Patliputra Colony,1,3.5,3.0
Paynesville,Paynesville,1,2.6,4.0
Penola,Penola,1,3.4,2.0
Pensacola,Pensacola,12,4.2,2.25
Pensacola,Pensacola Beach,5,4.0600000000000005,2.8
Pensacola,Perdido Key,2,4.550000000000001,2.0
Pensacola,Navarre,1,4.2,2.0
Phillip Island,Phillip Island,1,3.7,2.0
Pocatello,Pocatello,16,3.6866666666666665,1.875
Pocatello,Lava Hot Springs,2,3.6,1.0
Pocatello,Blackfoot,1,3.7,1.0
Pocatello,Chubbuck,1,3.5,3.0
Potrero,Potrero,1,3.3,2.0
Pretoria,Brooklyn,3,4.3999999999999995,4.0
Pretoria,Waterkloof,3,4.166666666666667,3.0
Pretoria,Faerie Glen,2,4.05,4.0
Pretoria,"Menlyn Shopping Centre, Menlyn",2,3.7,3.5
Pretoria,"The Club Centre, Hazelwood, Near Waterkloof",2,4.3,4.0
Pretoria,Garsfontein,1,4.3,4.0
Pretoria,"Glenfair Boulevard, Lynnwood  ",1,3.8,4.0
Pretoria,"Greenlyn Village, Menlopark, Near Lynnwood",1,4.4,3.0
Pretoria,Lynnwood,1,4.3,4.0
Pretoria,"Menlyn Boutique Hotel, Menlyn",1,4.4,4.0
Pretoria,"Menlyn Maine, Waterkloof Glen",1,3.9,4.0
Pretoria,"Waterglen Shopping Centre, Garsfontein",1,4.0,3.0
Pretoria,West Park,1,4.9,4.0
Princeton,Princeton,1,4.0,4.0
Puducherry,White Town,8,3.625,3.0
Puducherry,MG Road,5,3.8600000000000003,2.6
Puducherry,Auroville,2,3.8,2.5
Puducherry,"The Promenade, White Town",2,3.8,4.0
Puducherry,Heritage Town,1,3.7,2.0
Puducherry,"Hotel De Pondicherry, White Town",1,3.5,4.0
Puducherry,"Villa Shanti, White Town",1,3.9,4.0
Pune,Koregaon Park,4,4.25,2.5
Pune,Kalyani Nagar,3,4.2,3.0
Pune,Baner,2,3.95,3.5
Pune,Senapati Bapat Road,2,4.15,2.5
Pune,"Balewadi High Street, Balewadi",1,4.5,3.0
Pune,Deccan Gymkhana,1,4.8,3.0
Pune,Law College Road,1,4.0,3.0
Pune,"Phoenix Market City, Viman Nagar",1,4.5,3.0
Pune,"R Deccan Mall, JM Road",1,4.5,3.0
Pune,Ravet,1,4.2,3.0
Pune,"Spot 18 Mall, Pimple Saudagar",1,3.6,4.0
Pune,Viman Nagar,1,4.1,3.0
Pune,Wakad,1,4.4,3.0
Quezon City,"UP Town Center, Diliman, Quezon City",1,4.8,3.0
Ranchi,Lalpur,6,3.4499999999999997,1.6666666666666667
Ranchi,Hindpiri,3,3.5666666666666664,1.3333333333333333
Ranchi,Kanka,3,3.266666666666667,1.6666666666666667
Ranchi,Harmu,2,3.45,2.0
Ranchi,Gandhi Nagar,1,3.3,3.0
Ranchi,"Hotel Capitol Hill, Hindpiri",1,3.7,3.0
Ranchi,Kadru,1,3.6,3.0
Ranchi,"Radisson Blu, Hindpiri",1,3.4,4.0
Ranchi,"Spring City Mall, Doranda",1,3.5,2.0
Ranchi,"The Royal Retreat, Bariatu",1,3.5,3.0
Randburg,Linden,1,4.3,3.0
Rest of Hawaii,Waikiki,7,4.314285714285715,2.4285714285714284
Rest of Hawaii,Lahaina,5,4.36,2.0
Rest of Hawaii,Kihei,4,4.35,2.5
Rest of Hawaii,Kahuku,1,4.5,2.0
Rest of Hawaii,Kailua Kona,1,4.7,3.0
Rest of Hawaii,Kaimuki,1,4.7,1.0
Rest of Hawaii,Paia,1,4.9,4.0
Rio de Janeiro,Copacabana,3,4.466666666666667,3.3333333333333335
Rio de Janeiro,Ipanema,3,4.7,3.6666666666666665
Rio de Janeiro,Leblon,2,4.5,4.0
Rio de Janeiro,Leme,2,4.2,3.0
Rio de Janeiro,Barra da Tijuca,1,4.0,4.0
Rio de Janeiro,Centro,1,4.8,4.0
Rio de Janeiro,"Galeria River, Copacabana",1,4.8,3.0
Rio de Janeiro,Gï¿½ï¿½vea,1,4.9,4.0
Rio de Janeiro,Lagoa,1,4.3,3.0
Rio de Janeiro,"Le Monde, Barra da Tijuca",1,4.0,4.0
Rio de Janeiro,Madureira,1,,3.0
Rio de Janeiro,Santa Teresa,1,4.7,4.0
Rio de Janeiro,Tijuca,1,4.6,3.0
Rio de Janeiro,Urca,1,4.3,3.0
San Juan City,Addition Hills,1,4.2,3.0
San Juan City,Little Baguio,1,4.3,3.0
Sandton,Bryanston,2,4.4,3.5
Sandton,"Pineslopes Shopping Centre, Fourways",2,4.35,4.0
Sandton,"Bryanston Shopping Centre, Bryanston",1,4.4,4.0
Sandton,Illovo,1,4.2,3.0
Sandton,"Melrose Arch, Melrose ",1,4.1,4.0
Sandton,"Nelson Mandela Square, Sandown",1,4.3,4.0
Sandton,"Nicolway Shopping Centre, Bryanston",1,4.6,4.0
Sandton,"Post Office Center, Illovo",1,4.4,4.0
Sandton,"Waterfall Corner Mall, Midrand",1,3.8,4.0
Santa Rosa,"Nuvali, Don Jose, Santa Rosa",1,3.6,3.0
Santa Rosa,"Solenad 3, Don Jose, Santa Rosa",1,4.0,3.0
Savannah,Savannah,18,4.188888888888889,2.388888888888889
Savannah,Tybee Island,2,3.8499999999999996,2.0
Secunderabad,Karkhana,1,4.4,2.0
Secunderabad,Sainikpuri,1,4.6,2.0
Sharjah,Abu Shagara,3,3.933333333333333,3.3333333333333335
Sharjah,Al Majaz,3,4.033333333333333,3.3333333333333335
Sharjah,University City,3,4.166666666666667,3.3333333333333335
Sharjah,Al Mareija,2,4.15,3.0
Sharjah,Al Nahda,2,3.3,2.5
Sharjah,Al Khan,1,4.3,3.0
Sharjah,Al Nud,1,4.2,3.0
Sharjah,"Al Qasba, Al Khan",1,4.2,4.0
Sharjah,Halwan Suburb,1,3.8,4.0
Sharjah,"Majaz Waterfront, Al Majaz 3",1,3.9,4.0
Sharjah,Muwailih Commercial,1,4.8,3.0
Sharjah,"Sahara Centre, Al Nahda",1,4.1,4.0
Singapore,"Marina Centre, Downtown Core",3,3.5666666666666664,3.6666666666666665
Singapore,"Lavender, Kallang",2,3.45,3.5
Singapore,"Bayfront Avenue, Downtown Core",1,3.4,4.0
Singapore,"Bayfront Subzone, Downtown Core",1,4.0,4.0
Singapore,"Cantonment Road, Outram",1,3.8,4.0
Singapore,"Chinatown, Outram",1,3.1,4.0
Singapore,"City Hall, Downtown Core",1,3.8,4.0
Singapore,"Duxton Hill, Outram",1,3.9,4.0
Singapore,"Haji Lane, Rochor",1,4.2,2.0
Singapore,"Hillcrest, Bukit Timah",1,4.1,4.0
Singapore,"Kay Siang Road, Tanglin",1,3.2,3.0
Singapore,"Neil Road, Outram",1,3.1,4.0
Singapore,"North Bridge Road, Rochor",1,3.2,4.0
Singapore,"Robertson Quay, Singapore River",1,3.2,4.0
Singapore,"Sungai Pinang, Rochor",1,3.8,3.0
Singapore,"Telok Ayer Street, Outram",1,3.9,3.0
Singapore,"Victoria, Rochor",1,3.2,4.0
Sioux City,Sioux City,18,3.783333333333333,1.7222222222222223
Sioux City,Le Mars,1,3.7,3.0
Sioux City,South Sioux City,1,3.5,4.0
Surat,Piplod,4,4.05,3.0
Surat,Vesu,4,3.6,2.75
Surat,Adajan Gam,3,3.933333333333333,2.6666666666666665
Surat,Athwa,3,4.033333333333334,2.3333333333333335
Surat,City Light,3,4.133333333333333,2.3333333333333335
Surat,"Golden Square, City Light",1,3.7,3.0
Surat,"International Business Center, Piplod",1,4.2,3.0
Surat,Nanpura,1,3.9,2.0
Sï¿½ï¿½o Paulo,Itaim Bibi,3,4.25,3.0
Sï¿½ï¿½o Paulo,Jardim Paulista,3,3.733333333333333,4.0
Sï¿½ï¿½o Paulo,"Bela Vista, Centro",2,4.45,4.0
Sï¿½ï¿½o Paulo,Consolaï¿½_ï¿½ï¿½o,2,3.5999999999999996,3.5
Sï¿½ï¿½o Paulo,Repï¿½_blica,2,4.35,4.0
Sï¿½ï¿½o Paulo,"Hotel Unique, Jardim Paulista",1,4.8,4.0
Sï¿½ï¿½o Paulo,Moema,1,3.9,4.0
Sï¿½ï¿½o Paulo,Pinheiros,1,4.3,4.0
Sï¿½ï¿½o Paulo,"Shopping Metrï¿½ï¿½ Santa Cruz, Vila Mariana",1,,3.0
Sï¿½ï¿½o Paulo,"Shopping Morumbi, Santo Amaro",1,,2.0
Sï¿½ï¿½o Paulo,Vila Maria,1,4.4,4.0
Sï¿½ï¿½o Paulo,Vila Mariana,1,4.6,3.0
Sï¿½ï¿½o Paulo,Vila Sï¿½ï¿½nia,1,4.1,4.0
Tagaytay City,Tagaytay City,1,4.5,3.0
Taguig City,"SM Aura Premier, Bonifacio Global City, Taguig City",2,4.6,4.0
Taguig City,"BGC Stopover Pavillion, Bonifacio Global City",1,4.5,2.0
Taguig City,Bonifacio Global City,1,4.4,4.0
Tampa Bay,Hyde Park,5,4.26,3.0
Tampa Bay,Downtown St Petersburg,4,4.225,2.0
Tampa Bay,Seminole Heights,3,4.433333333333334,2.3333333333333335
Tampa Bay,Clearwater,1,4.6,2.0
Tampa Bay,Indian Rocks/Indian Shores,1,4.2,3.0
Tampa Bay,Kenwood,1,4.9,1.0
Tampa Bay,Madeira Beach/Redington Beach,1,4.5,3.0
Tampa Bay,New Tampa,1,4.9,3.0
Tampa Bay,Northeast St Petersburg,1,4.5,3.0
Tampa Bay,Palma Ceia,1,4.7,3.0
Tampa Bay,Ybor City,1,4.4,3.0
Tangerang,"Alam Sutera Town Center, Serpong Utara",1,3.7,3.0
Tangerang,Pondok Aren,1,4.9,3.0
Tanunda,Tanunda,1,4.4,3.0
Trentham East,Trentham East,1,4.1,2.0
Vadodara,Alkapuri,8,4.1,2.75
Vadodara,Vadiwadi,8,4.075,2.375
Vadodara,Diwalipura,1,3.8,3.0
Vadodara,"Hotel Express Towers, Alkapuri",1,4.0,2.0
Vadodara,"M Cube Mall, Vadiwadi",1,3.8,3.0
Vadodara,Panchvati,1,3.5,3.0
Valdosta,Valdosta,20,3.715,2.25
Varanasi,Bhelupur,3,3.5,2.3333333333333335
Varanasi,Dashaswmedh Road,3,3.6666666666666665,1.6666666666666667
Varanasi,Lanka,3,3.4,2.6666666666666665
Varanasi,Assi Ghat,2,3.55,2.5
Varanasi,Nadesar,2,3.5,2.5
Varanasi,"Radisson Hotel, Nadesar",2,3.3,3.5
Varanasi,Sigra,2,3.35,2.0
Varanasi,Godaulia,1,4.1,1.0
Varanasi,Shivala,1,3.5,4.0
Varanasi,Sunderpur,1,3.5,3.0
Vernonia,Vernonia,1,4.3,1.0
Victor Harbor,Victor Harbor,1,3.6,2.0
Vineland Station,Vineland Station,1,4.3,4.0
Vizag,Dwaraka Nagar,2,4.25,1.5
Vizag,Kirlampudi Layout,2,4.35,3.5
Vizag,Lawsons Bay,2,3.7,2.0
Vizag,Maharani Peta,2,3.6500000000000004,2.0
Vizag,Siripuram,2,4.0,2.0
Vizag,"CMR Central Mall, Maddilapalem",1,4.6,2.0
Vizag,"Hotel GreenPark, Vizag",1,4.4,3.0
Vizag,"Hotel Novotel, Maharani Peta",1,4.1,4.0
Vizag,Jagadamba Junction,1,3.7,1.0
Vizag,MVP Colony,1,4.1,2.0
Vizag,Maddilapalem,1,3.5,2.0
Vizag,Rushikonda,1,4.0,2.0
Vizag,Sagar Nagar,1,3.6,2.0
Vizag,"The Park, Lawsons Bay",1,3.8,4.0
Vizag,Waltair Uplands,1,4.4,3.0
Waterloo,Cedar Falls,13,3.646153846153846,1.7692307692307692
Waterloo,Waterloo,7,3.6571428571428575,1.7142857142857142
Weirton,Weirton,1,3.9,2.0
Wellington City,Te Aro,15,4.3,3.1333333333333333
Wellington City,Wellington Central,3,4.033333333333333,4.0
Wellington City,Lyall Bay,1,4.3,3.0
Wellington City,Mt Victoria,1,4.1,3.0
Winchester Bay,Winchester Bay,1,3.2,2.0
Yorkton,Yorkton,1,3.3,2.0
ï¿½ï¿½stanbul,Karakï¿½_y,4,4.4,2.5
ï¿½ï¿½stanbul,Kuruï¿½_eï¿½ï¿½me,2,3.85,4.0
ï¿½ï¿½stanbul,AsmalÛ±mescit,1,4.7,2.0
ï¿½ï¿½stanbul,Bebek,1,4.9,2.0
ï¿½ï¿½stanbul,Beï¿½ï¿½iktaï¿½ï¿½ Merkez,1,4.2,3.0
ï¿½ï¿½stanbul,Caddebostan,1,4.9,4.0
ï¿½ï¿½stanbul,Emirgï¿½ï¿½n,1,4.2,3.0
ï¿½ï¿½stanbul,KadÛ±kï¿½_y Merkez,1,3.7,3.0
ï¿½ï¿½stanbul,Koï¿½ï¿½uyolu,1,4.2,3.0
ï¿½ï¿½stanbul,Moda,1,4.0,2.0
